nombre,apellido,nivel,clave
Juline,Crang,Sales,4DCAEJ
Hanny,Gilcriest,Support,fRVVOF6au
Juditha,Zanicchi,Marketing,7dNpGMJB
Cobby,Hanway,Research and Development,9ifYFjxzXL
Neille,Wakefield,Services,LibZNsWvOr4O
Rivkah,Haslegrave,Product Management,c06Aeztb
Bree,Linny,Support,4HXYnQDA1
Lotty,Gray,Training,DzztPReFd
Selinda,Rubra,Research and Development,YdMSy4
Giffy,Cootes,Accounting,hdMDMDDgx
Jorry,Ayrs,Engineering,VF1H02zr2j
Delmer,Berryann,Training,MXT4QUlt
Bald,Loughead,Engineering,3Ci20e8Pa
Cati,Brazil,Legal,E9mjkQtd
Dionne,Biagioni,Accounting,YTQW9I9
Chet,Pessold,Engineering,g4bCgX
Sybilla,Cadany,Support,69yDnp2ECNRE
Wilow,Dilger,Sales,fW31ojbox
Kip,Schule,Research and Development,kK93lpo72d
Leslie,Denis,Accounting,FAKfU8CbBKE
Justis,Dinsey,Support,fy29yXs
Nariko,Howlin,Research and Development,Y7OZSYpG
Felipa,Nelissen,Engineering,jTDZhv
Lexis,Brettle,Business Development,8F0UDTJ
Donaugh,Coot,Product Management,918r9sz
Pearce,Spilling,Support,2gwYZSsP
Caitlin,Bellingham,Marketing,YGhwSky
Bronnie,Haster,Engineering,rcPityUk
Garey,Jakubovsky,Legal,SfUmrQlDui
Lisha,Olliar,Engineering,gEyewZxKwm
Antonino,Beathem,Legal,NnVVowZI
Angy,Torri,Business Development,LGSRtBPZv
Eleen,Hilbourne,Product Management,vtoSDiPab
Tammie,Bingall,Accounting,N1hrOzyRKX15
Florencia,Purches,Sales,CSkvBbXAQ
Avie,Graine,Accounting,R1Orod81
Rafa,Dockrill,Product Management,ayfZn5Ze
Caleb,Rhymer,Legal,7cGimOfgMZ5E
Ash,Le - Count,Training,5XLHpQdofoXx
Ellissa,Clist,Sales,RZZ1a0kc
Domingo,Medeway,Services,uKNw55V
Kele,Cohr,Services,SvdthD27N
Jase,Griswaite,Engineering,wFsvx6TsFrsB
Caryn,Beynke,Product Management,WAfrw5F6fqnF
Gabriellia,Mellodey,Training,4UnFXN
Kristofer,Blainey,Training,OgkMm0
Billie,Maulkin,Services,ybHAxUBx
Chrissie,Creebo,Marketing,hvcGw6
Ashby,Iggulden,Services,2axUBjKOM
Enoch,Giovannilli,Services,zClYxSufHUrg
Toddie,Tench,Engineering,xVP1Gn
Cass,Werndly,Business Development,0NoHizBl5
Orlando,Wardhaugh,Business Development,97TY3jvh
Vivyan,Bickell,Engineering,J4iK1mgm
Roshelle,Sammut,Accounting,Ph5GwWTd5Sg3
Maggie,O'Fogarty,Product Management,imWPmuyiU
Lillian,Lobell,Support,C3gpTH
Jeannette,Deverick,Business Development,ZOPdb34xTVH
Dyanna,Pareman,Research and Development,cwLcfpQI
Tam,Willes,Accounting,CkM1zNMMM
Hope,Pelcheur,Marketing,8qqjEyMw4O9Y
Dennis,MacGowan,Business Development,80DAxxkEevBc
Gavin,Szymanski,Legal,zqDU7LUviFA2
Eugenio,Jellman,Product Management,xst76K
Aggie,Filson,Product Management,As8zEktc7kM
Paten,Konig,Services,ylXO1E
Abbe,Gioani,Legal,jRWvfcla
Rorke,Michelin,Sales,V7Va7IK
Tam,Tathacott,Services,SMkHcQT
Christos,Schneidau,Marketing,NcFu00aGUZ
Aluino,Yosifov,Accounting,Vbpsw3C
Cacilie,Forrest,Sales,eRgcmAME
Agnella,Illyes,Sales,MDFl18dHU8
Betta,Ballaam,Research and Development,XErWLhtdInh0
Kaia,Bridel,Services,728riN8
Ban,Ticehurst,Marketing,2ZF1Vs0
Schuyler,Riddington,Engineering,PGYQEm
Chloris,Abrashkin,Sales,F7JSK4ct1h
Abran,Exroll,Human Resources,OgUObJ1
Bernadina,Hyde-Chambers,Training,f7pqyi7WP
Jeremias,Spurrett,Business Development,x6hXxc5T6Y
Darci,Thebeaud,Sales,4sRxXlClYTrS
Thelma,Meas,Research and Development,etj95bEM1
Madonna,Ladyman,Services,eRu2P7zzKbhK
Imogen,Harbar,Services,jfxct4
Rafe,Ball,Services,ZV9DAmF8q
Allegra,Brusin,Human Resources,ko3AailXNJn
Nannie,Aicheson,Engineering,ciQd59pmI
Karlis,Kordes,Sales,MhctvEEU2zfQ
Fayette,Coulthart,Product Management,9ijdKYhBVmh
Bent,Wolfenden,Accounting,E1rZD3mwX
Selby,Glanz,Business Development,iiQ661s
Bil,McKeighen,Research and Development,fWXepzGLIX
James,De Domenico,Services,5l0Ana
Ilise,Hambidge,Human Resources,d9nJSURZo8
Quillan,Wardley,Legal,aT5YFcM
Wesley,Twell,Human Resources,C34Z3MeM
Gustaf,Betts,Services,OLZGL905nTDR
Aryn,Feben,Accounting,Az66uU8
Puff,Ivison,Business Development,n3TW0Gt
Amabelle,Tudor,Accounting,Tzk7EW4m2Q
Nico,Bolitho,Accounting,AcEHdC
Melisent,Sills,Training,okor3eiCMJo
Olenka,Cheston,Sales,qdLVW2
Scotti,Edden,Marketing,0jM0EUXJg
Sukey,Iacobo,Human Resources,EwzAjH
Gale,Lindro,Product Management,aPQlgqIJr2vd
Laurice,Meere,Business Development,TCLimQr
Sula,Crim,Accounting,1nERRAG7
Alfonse,Balm,Product Management,f80vLDU1Bap
Iolande,Lamperd,Engineering,agzyKP
Noellyn,Foucar,Support,utNiMvl
Tadeo,Vany,Product Management,NZk84U
Zak,Dussy,Legal,DBxmQ3ckQqY
Alexandro,Buxam,Sales,2POE2J9vumII
Lynelle,Denzilow,Engineering,fvZbUO
Leonore,Welband,Business Development,jwxuFgtDJRE
Chancey,Bramstom,Product Management,boDSeTXhYYV
Boniface,Couthard,Engineering,j9YBBNbkiw
Rosalinde,Viger,Business Development,u3K00RSG
Amalee,Diament,Engineering,fPviMg
Simon,Richardes,Marketing,FCFef7EI6h
Vite,Dallyn,Services,ke8IEgirA
Marlin,Wheater,Legal,woiOT3X2k8
Darci,Jubert,Product Management,eLrsH8
Cris,Eglin,Training,BtLGWqRyO4
Rockey,Josifovic,Sales,FeOgIoJxp
Josefa,Vernau,Training,Rr5yaikS4
Thomasina,Brian,Business Development,uAmewc1FQmF
Leroi,Emm,Support,gBLBJpDmw8s
Tabbi,Marages,Marketing,JWeZbmxzHC
Alon,Conant,Training,5qwGSn
Renell,Andersson,Human Resources,OGmkEcMxYY
Thurstan,Beadham,Legal,ScUPb6
Barnaby,Fearnsides,Product Management,n5o6eQQDns
Issi,Dockrill,Human Resources,bpkeguQNyzcE
Briny,Mettricke,Support,ptQeCJR
Aubrie,Baudino,Marketing,0ugZs7Kvem
Madelin,Dosdill,Training,qGBgeZr
Leanora,Ensten,Engineering,h5oxPR
Micah,Maber,Business Development,8hJdK3OTxD
Carlene,Colwill,Services,qv0EFE
Hussein,Norman,Marketing,Ifxab6v2i9BK
Priscella,Hughill,Legal,O9RJQCc
Kesley,Seagar,Sales,z9AbOi2niMLQ
Deeyn,Girdler,Business Development,eu0ob34
Arman,Lucchi,Sales,RhSGsPHK30
Ulises,Bassingden,Marketing,KJ5tXCclcq
Alanson,Odams,Product Management,zX04Euato7Ns
Cherise,Bowick,Business Development,HrqqlErI
Joyan,Llywarch,Product Management,941ywj
Neila,Gregoletti,Services,rHORITl
Paulita,Atkinson,Research and Development,MGc3ffAJ
Jarrett,Sheards,Support,ScHMRA7hz
Gretta,Balaison,Legal,ditIWw37K4z
Eolande,Rubinsky,Product Management,HdU7ldM4ES91
Mariya,Cridlan,Accounting,qLUM6CYNZsE
Hannah,Pontin,Sales,tBzDaiqapV
Yetty,Peer,Product Management,oH5Lka6rJSk7
Philippe,Boyes,Product Management,Y9anm7WeB
Ron,Towndrow,Business Development,7LJ9809E
Feliza,Hannigane,Services,z0y7s1ZtX
Orrin,Rhead,Research and Development,LkCtv0U3IjH4
Lonny,Branchet,Marketing,S8FMc5q
Marissa,Salaman,Legal,R1SSuK
Galen,Harbage,Legal,Rj0YEwr0MMha
Derick,Hancock,Marketing,xua2eq9A
Bord,Comins,Product Management,GF7A0CxgbkM
Bertha,Haggerstone,Business Development,LoGM8ibi
Rees,Cuttle,Human Resources,u6OFuvEfs
Cesar,Hovie,Support,lCoxWIMxuM
Beck,Teulier,Research and Development,SxQn7F6ogNV
Doy,Cahalin,Sales,vAwCQff
Perla,Buglass,Human Resources,AeU9tRuDk
Gertrude,Songust,Business Development,khmAVEnZnWGy
Cory,Denford,Sales,PM1fle
Nolie,Clancy,Research and Development,fpDgVXDz
Blake,Francomb,Sales,vftvGsAQ5Q
Tomaso,Teape,Legal,2DhQbD
Huberto,Grossier,Research and Development,9ugB0h
Lucias,Gogay,Training,eHegtR
Henrik,Balham,Research and Development,DnnjcQ
Pepillo,Abbay,Marketing,raGYrlT
Paxton,Waldock,Business Development,xZMhIK9Emer
Abrahan,Vanne,Human Resources,yULRIZbSQCg
Frank,Gittoes,Support,vEyb96xNQL
Isaiah,Lamshead,Human Resources,QkPBZm
Jenelle,Bryson,Accounting,DbJ36oubInA
Meredeth,McNair,Services,wTcYUr
Seamus,Becken,Human Resources,RcTlZJmP
Kathryn,Sprull,Product Management,j6K6ry
Dorine,Kensington,Services,Mh3eqiNwc
Rickey,MacAne,Research and Development,0cf0Yu1
Helge,Penswick,Sales,utDO4pypIzRc
Bonny,Yushankin,Sales,DIVe1LrQ
Hasty,Fury,Legal,NeFsUEYcj
Cleo,Vlahos,Engineering,Z5zRzsU13Cmr
Keely,Ochterlonie,Sales,Se4NZUtJZP3
Harcourt,Kuhne,Support,aDHVWAm0uLe
Lawry,Jablonski,Support,AtaSnVX
Bride,Meyrick,Services,JraibP9
Ashly,Diemer,Engineering,aArNxBdc
Hynda,Wemes,Legal,tkj5FptcGFu
Paddie,Eastmead,Engineering,ACCk1t
Carce,Cashman,Business Development,OC8wvWMS
Nadia,Sailer,Training,tAhgCfB
Camellia,Anton,Support,MnoJVb3
Anissa,Rout,Product Management,i5ZdtEfE9Ip
Wilmar,Rumble,Human Resources,z14PUMch338
Hakim,Hindrick,Support,XP1TkguX
Harlen,Orritt,Legal,ylPYywo
Emery,Tacker,Engineering,J70ictM
Franz,Standon,Sales,MA4g3giSF
Candida,Bewshire,Accounting,vvSFkchg
Darwin,Barbara,Human Resources,rfeAQY
Nicoli,Goudy,Accounting,oZXyW5rN7F
Halsy,Seczyk,Human Resources,FaaLMhNLMZqy
Meta,Friskey,Business Development,ZPGwXb5NVeAI
Jaynell,Bernardi,Accounting,67j2W4M
Elroy,Halliday,Sales,4f3iYbbH
Peyton,Penhalewick,Human Resources,r8JWqPRRb
Dalis,Carlyon,Sales,ti7ydckEft
Elysia,Hattrick,Engineering,zCngTlppUB7
Shani,Bootman,Marketing,LWVDfx
Donall,Durrett,Human Resources,XjUVZgMXR
Agna,McCambridge,Services,cldHOwnwZ
Ber,Desson,Marketing,AhAx4G3mi
Lyndsay,Carne,Services,bW9nbHEf87
Anders,Lowder,Business Development,232BrK
Demetri,Haswall,Support,svqlq6A
Cris,Cornborough,Product Management,EaRfULW1h
Arabelle,Shardlow,Legal,oBYXIp
Verla,Habben,Sales,NVud7DC
Kathryn,Starsmeare,Human Resources,MkYLO2Egk
Joyann,Macauley,Research and Development,xh9wR7
Jackie,Andrews,Marketing,BRZ1Ad
Bertha,Calam,Business Development,N67lAK
Bendicty,Tieraney,Product Management,tiNJi78i4QDm
Alameda,Trythall,Services,lca3qMF7Bc
Merrile,Cowcha,Business Development,Ao9mGe697
Babara,Rossey,Legal,PXDyCWWyK8D
Gillan,Darycott,Product Management,wOWX9YfxFL
Hyacintha,Hubeaux,Marketing,xNsLhHbfFr
Maryjane,Zanetti,Support,iu4K5t
Nico,Redgrave,Product Management,dBJKmowA
Kanya,Costin,Training,pyU48U
Maximilianus,Eilhermann,Services,C8NKVoUbrDtl
Gerrie,O' Brian,Research and Development,q74z0OmCCxfa
Rosina,Alelsandrovich,Accounting,pidD6I
Nollie,Myford,Accounting,2QwFL7FuPr
Sasha,Casol,Human Resources,XTTRUSN
Clarisse,Blennerhassett,Engineering,R3wMotZO1Cr
Norrie,Lathe,Support,CS3WfBUFu4
Jillie,Ockendon,Services,k9E6b4meGjR
Parnell,Sanderson,Sales,3sgIUk
Connie,Hark,Business Development,nUI9lEvArYtM
Ailbert,Donati,Research and Development,MmW2V9Wmdbm
Byrom,Bollon,Accounting,Ce46dPrZKG
Anton,Raynes,Engineering,MppIWGeRUw
Ginevra,Wake,Product Management,H23J8m
Wynny,Castanho,Product Management,G8Cv7gFQcfPP
Ottilie,Geddis,Training,OqtewBO
Katharine,Minister,Sales,oeEQNzY
Honoria,Delion,Human Resources,TlWh0C9BfO0
Cassondra,Fink,Research and Development,UdryBP3
Orella,Antonoyev,Support,zG83RWzDSSz
Sigvard,Goodspeed,Services,Ookbx89tFO
Natal,Mowday,Sales,xGsg5V
Graeme,Stockow,Support,79da7h8S
Florence,Kenwrick,Legal,62G16tSJ67s
Lauraine,Bullivant,Legal,1DgS8byxpfHh
Fabio,Gibbard,Training,wibZaAcn
Dianemarie,Filisov,Human Resources,AgKCCmdk
Cornela,Isaaksohn,Training,QEdCtdCSj4
Pearline,Dutt,Research and Development,AtxSd4X6f
Bronson,Fasler,Human Resources,R4W2Tiam
Annabal,Wisam,Support,dSm40Fg0
Valentia,Rathbourne,Engineering,Ou2nCig6
Sammy,Ridpath,Sales,iM2ck1Yq
Justinian,Dosdale,Human Resources,Vu3LUy3Daz
Melita,Morales,Research and Development,HO25Qqoned
Giana,Delleschi,Human Resources,kqMCFaEfCY
Morganne,Durno,Services,unF4HdJp
Carlita,Kneeland,Product Management,EM7eHJ
Vincent,Readwin,Human Resources,mD6IXzbp
Charla,Greenmon,Research and Development,patMsd
Marius,Attwoull,Marketing,m0HMCfsnLLO
Matilde,Ambridge,Services,VFbb2r7MCiDv
Jessi,Seddon,Sales,PUBiYwesH
Cristabel,Dorbin,Support,9ASgLWyWGp
Alyssa,Bermingham,Marketing,fRGYna6
Alisun,Napper,Marketing,EUZp9MJkLzmf
Elysha,Lorkins,Human Resources,FfgqsO1P
Theo,Bampforth,Research and Development,h4tmDWN2RQ6s
Sterne,Brann,Research and Development,6N0eIHI
Zaria,Watters,Human Resources,175ylfO362x
Terry,Tersay,Business Development,BljwSRIhKY
Nicky,Olivo,Sales,hxhkIjEdVu5k
Wittie,Schapiro,Human Resources,mUOojPcbTim
Trueman,Babidge,Sales,5KEQpNUN
Holt,Doxsey,Marketing,1ADXY9nse
Haze,Norree,Product Management,9DP43egSLIfB
Milena,Adacot,Product Management,UwFzf7s2tI
Rachele,Durrad,Business Development,mwDdnRrlW
Pavel,Keelinge,Engineering,btslZg
Pollyanna,Silburn,Support,DfjJV75A5
Rozanna,Meegan,Engineering,RQrFDVen
Sherm,Seath,Human Resources,72OcTr
Hetty,Cogger,Legal,WHC57fCfQ0
Korey,Gideon,Human Resources,6W0zUR
Nolan,Maureen,Engineering,jCPquuew
Aldo,Wrennall,Accounting,1StKqSTZ4c
Tess,Orro,Legal,N5VNN74J
Fonzie,Josephy,Human Resources,h35H6Afg
Minetta,Syder,Human Resources,65t0FaKdHAr3
Rikki,Ratnage,Engineering,H6q8LXJCahn
Staford,Van Arsdall,Marketing,u8RVf0gA
Andrea,Borrott,Product Management,tg9tL8UFV
Evelyn,Howells,Marketing,E02bltG
Catlaina,Spellesy,Legal,oiKY8d4Ux2
Matthew,Heaps,Legal,jzjdJCXgvZo
Starla,Ondrousek,Sales,IpTAOnJiJ
Mandie,Newgrosh,Engineering,JhxX9FLr
Augustus,Colton,Training,BiuXpn
Bunnie,Gross,Sales,ZoBczb
Colet,Harbisher,Support,LGcJ4Md
Rianon,Jamison,Research and Development,vtIw1X8yeWWn
Julio,Heeps,Product Management,kJVPNR
Debby,Klainman,Support,mqr2bwnaqZ8Z
Guillema,Keilloh,Training,EksKxbYZn
Farrel,Shirtliff,Sales,XIErZIIR
Helga,De Biasio,Engineering,cLe6zF
Guenna,Silverthorne,Support,zkk3eBInM3
Moshe,Rintoul,Research and Development,SUtqJ0gW
Alric,Sweet,Engineering,qdI34fE6OgU2
Gardner,Costelow,Engineering,v6CtVeRg99e
Rabbi,Elsdon,Accounting,iOehrV2c
Daile,Mytton,Accounting,IRE1vzFdGaH
Emmit,Hilldrup,Services,31Obs5WA
Griselda,Terrill,Legal,E0xs8JHBwQ
Cleveland,Starmer,Support,njlAbUr
Fanchon,Kiraly,Services,zdGmyCd
Ora,Ure,Support,l4bteEpq
Lotty,Megarry,Accounting,wbGFt8
Sammy,Roubert,Sales,2HzlI6
Chrissy,Mansbridge,Training,3azb7vGx
Lorenza,Tures,Engineering,ErmxIymUoJuv
Odetta,Corbishley,Research and Development,mtO18RBeAB
Yehudi,Josefsson,Marketing,ooEyzy9m
Bobette,Challenor,Services,hiA7Bei
Rosalyn,Bootton,Research and Development,u78nTVsmF
Berny,Johananov,Legal,KMcnM3G9F
Hobie,Dotson,Support,R0xqnwDGU
Der,Danell,Research and Development,efp0gHM
Feliks,MacIlory,Engineering,sjcQZh6LD
Gideon,Downes,Research and Development,3L7uzC
Melitta,Glassman,Research and Development,DAj7x1QInmx
Bobby,Asel,Human Resources,fNw7Q2hMga
Lelah,Sambrook,Marketing,N8DKgFUj
Rayshell,Woolens,Sales,veuUP6jkTff
Myrtia,Danniel,Support,8iWqpI3YK8b0
Abbie,De Gregario,Human Resources,Ie3j8Qnt2
Kassey,Bysshe,Product Management,hoCw8p
Dru,Badby,Business Development,Wrzuw8rBsG2
Stewart,Derye-Barrett,Engineering,n09O6gu0izd
Boote,Cottem,Training,nAe5myxaVm
Alli,Size,Engineering,ymSei3o
Jannelle,Dickins,Business Development,L0XwT4v
Josefina,Lithgow,Product Management,u9fB7QHHNAwE
Pryce,O'Kenny,Training,wtYaAQd
Massimo,Sousa,Support,mOCk9X7guNHc
Munmro,Juniper,Research and Development,kknXxX
Leta,Oakenfall,Business Development,OHGX2Prjiv
Derwin,Darben,Research and Development,KnIM50pNx0G
Padgett,Groome,Human Resources,6rQC618C7yz
Brennen,Hegg,Product Management,US52r6Wj
Lilli,Luckett,Product Management,F9aOlN
Oren,Chartre,Research and Development,tQw4RRXzQubP
Jeane,Crellim,Business Development,SfZBTZAbg
Felice,Babbe,Sales,ZSRGFh
Janenna,Earney,Research and Development,AfZziHIpOo
Sherm,Planke,Marketing,jfNZiBLSH
Kelsy,Yoodall,Sales,Sq2vLEnCWV
Brandyn,Connow,Product Management,9zHwqwSfiQH
Lazarus,Matfin,Support,v99CN5xJ
Bax,Edinburgh,Accounting,KXK1sIelMw
Arlin,Tackell,Support,UQsQm1S2Yf
Hyatt,Bastock,Sales,dDbFykMV6bFH
Denys,MacElholm,Accounting,E55VGa3A
Lynn,Mahaddie,Services,sKSmiya
Odelle,Trillo,Legal,wQc0ZPnRo
Meriel,Scade,Marketing,Qz7DedGm
Jud,Vost,Marketing,HS7ASgbgRT5m
Carree,Bondley,Human Resources,e75La9k270Y
Gaylord,Lyddy,Marketing,hCOp2y
Anthea,Squibbes,Services,FleAN3Wb
Elvira,Reichert,Accounting,JvF0XfBwD
Alfons,Siddons,Human Resources,MKSuF4BNL1
Olwen,MacGiolla Pheadair,Engineering,5I7kL53wQO82
Danika,Albrook,Legal,fRlRpK
Camel,Skipping,Research and Development,r3arY9zng
Kimberlyn,Glassman,Research and Development,J3fuhc3d
Fara,Tanser,Research and Development,0xPJpj
Granthem,Stanman,Engineering,cGUe0T2
Babbette,Lulham,Sales,iVxu3su8MUT
Floyd,Bruford,Accounting,XOYzpDJNB
Bertie,Wharin,Support,FW1jiUOn
Odelle,Chaudret,Product Management,V61Xcak2WLP
Claudianus,Gisborne,Human Resources,XP8DHC3gF
Issy,Sterland,Human Resources,NLY0p1I00YL
Flin,Weiner,Product Management,movDheZALK
Laurette,Jessen,Business Development,Nlpcc2
Rik,Cuttings,Research and Development,Se0GgBb2HPwQ
Mercie,Shuter,Services,UAQL3h
Kelley,Wisdish,Sales,IP0xLJapy8
Saraann,Ajam,Sales,LwMDFj2r
Sylvester,Yann,Business Development,muTEdGqqHN9R
Tootsie,Fonte,Services,RdKQr5Xx
Morten,Peery,Human Resources,Tnk8LhP5Nb
Naomi,Howle,Business Development,GaTOsA8qOKB
Fidelio,Kincade,Product Management,wMK9y0pfplj
Cristen,Rembrandt,Support,zHKGF5dJFU3
Clarisse,Sincock,Business Development,nw5ywy3
Colan,Pally,Accounting,3sXH7PhNW1K
Aimee,Balffye,Services,iaKgD2PK
Georges,Gallamore,Product Management,R85hxYir3
Evyn,Bryde,Business Development,AMJutBnz
Francisco,Garwood,Marketing,FDSasgGmV67
Terrill,Terbruggen,Sales,p1qbiuv
Reynold,Vernazza,Engineering,rAemhOkg
Ivan,Pietruszewicz,Human Resources,xJuB55c7P
Hamid,Hollingby,Marketing,AHkOFfq9vwif
Julee,Cubbinelli,Product Management,VE96vJKw
Carolan,Ragbourn,Legal,dXVdxr
Elenore,Currier,Human Resources,VLui2qVq1eu
Tristan,Mellows,Marketing,ZOD28AvWC1
Genovera,McEwen,Accounting,ejb9deb8
Rawley,Druett,Accounting,21i3Qd
Arv,Stoffel,Support,h41dNKOjjCh
Eldin,Boorman,Engineering,pIGkmd
Osmond,Davidow,Sales,dqku18Ndm
Davina,Nickell,Business Development,MbnmeCDYV
Edgard,Taffe,Accounting,fEtEEw7
Otes,Timeby,Business Development,eb1MhxncIWg
Harrietta,Fantham,Business Development,FkWKU0
Robers,Majury,Research and Development,mxQylFU3ug
Rosamund,Cisec,Sales,BIGVXWVbYYwn
Obie,Dikles,Engineering,iO060VRN
Nellie,Hadenton,Training,OReh7G
Robert,Tassaker,Research and Development,DuozLF1ZW
Basil,Ashness,Accounting,FlGKZcHSg
Farra,Bounds,Engineering,HaMZjj3
Nicolle,Cliffe,Engineering,SrYtp5
Helen,Dryden,Human Resources,D5Dn8HTJR
Konstantin,Grzelewski,Human Resources,VIa8bkKv
Moishe,O'Hern,Services,K8qdTdlK
Karen,Simester,Support,ecfpWLNO3z6
Anna,Mytton,Human Resources,FkiDvNYOzmJ
Lynna,Lightbody,Product Management,mCGTw0zGKkS
Glennie,Petrashov,Sales,tSkpMAS
Nickolaus,McElwee,Research and Development,k0gSz9b8VB0
Iorgo,Kennham,Training,QlKnAE
Nico,Newport,Services,s9ZQMZC
Arvie,Lubomirski,Marketing,F6uBW43YxRDP
Brittani,Rollingson,Support,ZislFj
Christoffer,Andover,Training,RzT2f28rQckO
Dawna,Burge,Accounting,AnHRJlhez9lK
Mata,Luffman,Engineering,mTeVEcxjZ
Gilles,McCadden,Legal,z1gYT9
Dania,Lamport,Engineering,KA1eP4j2rgm
Evania,Cramond,Business Development,0G0mOFhrE1
Sharl,Tedstone,Support,UAgwMdjZ
Max,Cayser,Support,epCEC0hUga
Hadley,Rubinowitch,Research and Development,7qr4zirkCt
Ced,Malyon,Training,bbHSlC
Charmian,Darrell,Business Development,dQ6smxTzlC
Venita,McAlinion,Support,ulQTZAuY
Tynan,Heathfield,Training,nf4HmzO
Dedie,Rymmer,Services,15eJTvv8GoU
Nikkie,Geraldez,Legal,QBYtAfJM
Luisa,Laneham,Legal,cXmGz171UU
Dinah,Skypp,Human Resources,PyGBNcU
Judon,Mobius,Business Development,8NajZq6
Wittie,Bibby,Accounting,7VQzRCsIXuPB
Meggie,Blumfield,Engineering,NuaIO5
Ariana,Durram,Research and Development,uZpK2zkAVBp
Moss,Brymham,Human Resources,l6LJHF2
Lizabeth,Petrelluzzi,Services,HM0Im8b
Rogerio,Cubin,Human Resources,XL6GlkUs
Salvador,Trime,Human Resources,yxxQO4
Phillis,Gowrich,Services,6mmE6kyG
Tad,Pickover,Product Management,7XF4KK
Any,Pires,Legal,bk9AyIDzT
Holly-anne,Kairns,Engineering,UWFAeQizsSr4
Garek,Roskeilly,Accounting,rfQQ3ar0
Fancy,Bartomieu,Human Resources,UgMGX14j
Launce,Truett,Human Resources,MfTgKjrf
Nilson,Felgat,Support,mpuHiL
Wrennie,Rolley,Business Development,2H8JsZ1aFaN7
Craggy,Lowater,Business Development,3NgFbN0mF
Leif,Woloschin,Marketing,D3DkyT
Kandace,Landers,Product Management,52cyol
Gianni,Murdy,Training,JWI0LGE
Patin,Lody,Services,7BszMel4r
Ruddie,Punch,Legal,OGC5b9XH
Feliks,Chapple,Product Management,tFoS2ifS1
Fifi,Gumb,Sales,8tJOO14LaR6Q
Cristiano,McGilbon,Accounting,jxM6MxzJQtu9
Dode,Bolsover,Product Management,vFuIE6l
Laney,Qusklay,Training,WnufZb3S
Dorise,Wallege,Marketing,b2xGdUO
Cobbie,Hillitt,Human Resources,rY0f3N
Ruth,Buist,Product Management,SKJZqUQtlMt8
Lorna,Oneile,Engineering,dRvYjFfXYLg
Cookie,Grinnov,Engineering,FhFUSCy3e155
Vanya,Woolatt,Accounting,IbDmWeJXCUGw
Olin,Borrows,Sales,Ll8rXe
Angelina,Turmell,Sales,5DxboBWgQ
Park,Episcopio,Services,KN0dio
Jory,Jaksic,Engineering,5e76Kq8L
Roanne,Rubanenko,Business Development,x8ShTxuOcLwD
Wynne,Blakeden,Human Resources,AuRJYVMah
Duane,Karpinski,Legal,1TrZSqb
Dianemarie,Francisco,Research and Development,JUzdzr
Jenelle,Conerding,Legal,t573zafBE7
Pen,Hatcliffe,Legal,Y1I91HP
Deny,Lowndesbrough,Accounting,rjkixw0ud
Ikey,Farryann,Human Resources,9mVQ2Y
Bradford,Sieghart,Services,RHzTRlBTcKr
Lucienne,Machen,Marketing,STEQRQ
Amalia,Over,Business Development,dVNohw
Frances,Gotobed,Accounting,mQreRfmkI4
Lauryn,Pendergrast,Legal,ghW7v30
Ruggiero,Grimditch,Accounting,I3DpjLbDVoA
Timi,Pusill,Engineering,g1v11urFzW
Beau,Glasspool,Product Management,SbezJdT
Devy,Collings,Engineering,HutKMkNbQx
Johnathan,Kilner,Sales,RrXDu71f3lA
Harcourt,Hatchard,Support,cMP7SS
Kelcy,Finding,Human Resources,TwPz6tk5doDn
Spencer,Goodbarne,Sales,KGXbS8yo7L
Nataniel,Bugby,Services,QlJ4TZBpE5E
Gwendolyn,Quye,Product Management,xAHuFgno4ON
Marinna,McKeever,Human Resources,JW05RGFrtP
Pinchas,Hold,Support,Y2EfLpBckCMr
Emory,Kelcey,Training,PopNc4c9
Minta,Dailey,Marketing,WuuHDuY3F2L
Iormina,Sparwell,Legal,lveCUI5
Leonid,Jachimiak,Accounting,kxxFO7mI0Ekr
Otho,Pitrollo,Legal,5HmZKG7C16c
Annora,Tanfield,Legal,9YB0MD36nDq
Monika,Vakhonin,Research and Development,TGBIFrjJh
Lin,Larcier,Support,xDb0q3ZOB
Abbie,Phil,Business Development,Xsnnsqh
Bethena,Gurry,Accounting,lzrLGIM
Ashlee,Devas,Services,d7NGTaf7sIf
Dayle,Barroux,Business Development,41kL3Q1if
Dunstan,Jobb,Business Development,3PpfmEaT
Adrian,Jelliman,Business Development,zPR37DvKHs
Marena,Ellis,Business Development,fy1lI2yfSs
Karel,Burnand,Services,gkJs5Fs
Rosaleen,Rainville,Product Management,OHDB2VooLpKV
Briano,Grief,Product Management,APQCsn0e
Remy,Burrett,Marketing,81qRXL
Isis,Siveter,Training,H1gphy1
Helsa,Pietz,Engineering,eJxFfrst
Caresse,Colebrook,Engineering,y99RgpAA
Coriss,Roby,Engineering,2KwqOwwDseB
Walsh,Jaffray,Business Development,fXCCskvsUZi
Rebekah,McCrystal,Product Management,5plRpkBos
Tatum,Tesauro,Services,KOyvBGU4
Svend,Tissington,Product Management,5bX6JM6CD
Vonni,Hrinishin,Training,0aTASWcEiFa
Alvinia,Wildt,Business Development,mSlqbzMTms
Seline,Schowenburg,Training,xtQ7Q0s
Sidney,Forsyde,Accounting,RmakWes
Caresa,Fiddian,Training,EHjMwPEgtSB
Delaney,Prestney,Product Management,rFxkdc
Janette,Paireman,Human Resources,zpCAneey
Serene,Pulley,Engineering,KEY5VMS9WesR
Barbey,Rains,Research and Development,V0miAyWZ
Marika,Ipplett,Services,4X1RGzm
Sadye,Perren,Legal,M3DK931pWc
Chantal,Pilger,Engineering,u2GLvyZOu0
Jarrod,Liddington,Human Resources,tmVlMrn
Charyl,Gammon,Research and Development,4JfIKKOp2elM
Miranda,Scarrott,Business Development,k5Wc7uOwy
Vinita,Gladbeck,Sales,S5F33SyhuQy5
Drew,Finlason,Engineering,LkN6Ci0XT
Nev,Markham,Support,iz1FtB
Jerrold,Watman,Research and Development,c7OUG86J
Lauren,Durnford,Accounting,dMnDHP
Luciano,Riach,Marketing,OlT9Wr
Aundrea,Dudin,Accounting,hUJtWg5m1h
Philomena,Fair,Accounting,qQtMyD6J
Aubrette,Pinck,Accounting,15TZdZtrQ
Gabie,Spiers,Accounting,ZeSPukIr
Dirk,Clawe,Legal,H8bHK3TCL
Penelopa,Laurenceau,Research and Development,pyUJhn
Elwira,Colpus,Support,6u1BmOm
Dulcie,Lord,Product Management,EZV3xN1O1
Auberta,Pardal,Research and Development,R0fvGV2
Ferne,Clissett,Research and Development,heshMSniktTr
Teriann,Kelshaw,Services,pIvU7fECD
Koo,Aughton,Accounting,aLjJYEH
Isabeau,Kedslie,Services,55ToE5F
Gracie,Garriock,Legal,n7QsdFOhMMzP
Alf,Mabbitt,Engineering,oLWU31
Tamarah,Aldhous,Support,s4HLq8AfVBo
Aarika,Dobrowolny,Training,PUuNHQE
Sher,Bothram,Human Resources,aZ6ySmk
Lynne,Haggerwood,Product Management,W3h2553gzH
Thaxter,Ruvel,Sales,i8qYzQbvSf
Packston,Jiroudek,Support,y0sPKCu
Muffin,Keyes,Business Development,eHEkm7icvo
Butch,Bourton,Research and Development,WeWsfbDm9DLv
Richardo,Hazlehurst,Accounting,sgJj8CInJ9
Esteban,Strothers,Support,IHXdHXObE
Serene,Kahen,Engineering,nMNc9zO
Angy,Clyma,Marketing,LAjne0pf
Gayle,Sexton,Accounting,hxL0IlfIDp
Neila,Paul,Legal,E3i3ZhVI
Rowena,Beevens,Support,dgukz0
Jean,Klehn,Support,0MVSEpDL0Wad
Alene,Jodkowski,Sales,udlgw4AeJ6z
Emlynn,Sparway,Legal,H8DYzp8
Adriaens,Solley,Business Development,QSpOL1y1aMJ
Betty,Sharram,Human Resources,jh8HKVKTkhK4
Adria,Rutledge,Research and Development,KXGcNCEh0V
Vanna,Seiller,Business Development,k4RquBwY9
Ketty,Stroud,Services,PjZMm4L1D
Coleen,Crickett,Product Management,7MvA3SIp
Elyse,Whilde,Support,CzoayI
Aguie,Labrom,Legal,oBgfwInOT
Cary,Kuhn,Marketing,mNjnPzfcOWTO
Emilie,Floyed,Business Development,fpMqjRuzC
Lory,Oakshott,Research and Development,eXmkJbRujCS
Mandy,Este,Engineering,Pdm5RKZVC
Malinda,Conachy,Product Management,zNTmpG4uL
Rawley,McDonnell,Marketing,FaYcxil0bi
Rois,Griffitt,Sales,kArdkOBABy
Gwenni,Faudrie,Sales,RBZSN3C
Chance,Pilgrim,Marketing,dnB03YstN
Fraser,Browne,Services,KQqCeXgMTmH
Ned,O'Keaveny,Human Resources,k497dGCdG
Shelton,Woolam,Human Resources,J0Yn0ayi
Nananne,Thirwell,Services,iAG4GKZt67O
Laverna,Purrier,Human Resources,33dv5R
Yance,Pettisall,Training,lU7xXbRW
Valentia,Swatman,Research and Development,dFStDE
Whitby,Fallanche,Research and Development,kOM52pjvUpV
Nealson,Ateridge,Marketing,Hvc15pTQtsy
Sydelle,Redpath,Legal,7XmOYN6135xH
Roshelle,Nulty,Sales,UNVNVJ7
Cindie,Jacobowicz,Business Development,C9rhqqObSu
Sterling,Bonelle,Engineering,tdFdKbJIU8gK
Alphard,Koppens,Engineering,V2ekiiimE08K
Spencer,Havoc,Support,7iGLNHPxMnQZ
Stacie,Redihough,Legal,K358Wl8
Xenos,Theze,Sales,s1e6FUTbvE9E
Goldie,Melpuss,Business Development,Qi5kLt
Neill,McIvor,Accounting,BnPXA06y6g3
Loretta,Birley,Legal,dkBa0scuz7lF
Romona,Parrett,Services,wkrbGvKM
Klarrisa,Crallan,Marketing,IkHV5ii3A
Claudius,Girault,Marketing,EqKUDnR8z6
Ring,Sizey,Product Management,5SmKeSX9rrTD
Lillis,Letessier,Legal,CVxMt2
Maud,Jahnig,Human Resources,ugZq1nV0O0
Dwayne,Briant,Product Management,Expxus0iQ
Kerrill,Darell,Human Resources,pADGGdcr
Salmon,Brogi,Human Resources,WpodsmfC9Y2x
Ebba,Baalham,Services,p4RsQi5UeWK
Buddie,Blayd,Sales,rHsrhdr
Aaren,Hulk,Services,wUAGBkZ
Ralf,Mingo,Research and Development,gNGsb8rw
Cheri,Macoun,Marketing,RVoAgEIBfs
Julie,Piercey,Business Development,onGmwg0
Aldous,Mora,Support,BsPbaGFLmUi
Igor,Dillistone,Marketing,QPVcU3C9nQg
Blythe,Schruurs,Research and Development,TeetWKY
Drugi,Brennan,Accounting,Hge0THGn0
Karin,Quiney,Services,t2Cja3nrO6Cf
Gerrie,Lowing,Legal,39gGGxV1yMjj
Dolli,Derry,Marketing,NyxfEs
Filmer,Verbruggen,Services,TyHkzJS1
Bebe,Aron,Sales,jMAocO
Leon,Huntley,Research and Development,0eLjfr
Joellen,Honisch,Accounting,laxWCt7v
Andrus,Grieg,Research and Development,ywasa0T
Sisely,Hubberstey,Legal,A31sNS
Elvin,Dorin,Training,iBIgH0
Jonathan,Kerkham,Legal,3LaUYbFzy9c
Muhammad,Weare,Marketing,GzuEOlhyAk
Roderich,Caudray,Services,hSYCBJfwBk5
Farley,Stag,Human Resources,TpeAcwJtWWI
Antonia,Drieu,Support,sYCSK9FhH
Eustace,Proffitt,Marketing,BwJODk
Jdavie,Holley,Training,hAIztrb
Heywood,MacInherney,Legal,GreZF9
Sibyl,McKinney,Research and Development,tVjCMMFh
Walker,Bouttell,Business Development,tTVFId0e01
Erroll,Shacklady,Sales,StaxL6htNSc
Lacee,Cummings,Engineering,aKHunCjmbt
Marillin,Walder,Human Resources,WKmcHPpbFd
Yvor,Philipsen,Sales,ezwhcGT
Riccardo,Hambatch,Services,BavtrZB53C
Paquito,Gajownik,Engineering,b2IV7BGuGMl
Taryn,McCreagh,Accounting,0zkKVtSlPYZ
Harri,Blockley,Services,YgpFB2Q4D
Carolus,Louisot,Business Development,h5WFlFhKxsdO
Frederic,Adam,Marketing,Tmbp7trTy
Karlan,Pretsell,Human Resources,9OgoP1W8XLj
Kate,Ruoss,Services,VGyRqjsk0W
Marietta,Marler,Training,5rwCG3FYEv
Blanch,Waith,Legal,VX85ACmW
Claudetta,Snoden,Support,9MhMYmIqxG
Filberto,Infante,Human Resources,7TUeDDuzC
Lynnea,Caddies,Research and Development,oknI5o5E6rw
Lalo,Pestell,Business Development,pMq4EoxPxHXx
Melicent,Yannikov,Engineering,OQbQQWEn
Sile,Leijs,Research and Development,pSPzThfDE0
Carol-jean,Salvage,Human Resources,nVho5nls0
Joella,Gethin,Product Management,6wba0r
Nolana,Turnock,Engineering,hXJxj3IbTwae
Marlowe,Broadwell,Human Resources,fZHKg1
Jedd,Ruslen,Research and Development,vhRf5XmnEToL
Jerrilee,Picot,Human Resources,aL4cnP2
Vinny,Carnall,Marketing,rTF5VZ4Th
Rodolphe,Persicke,Marketing,Dfc1x6
Dina,Lazenbury,Marketing,cfbE3MSuq
Orlando,Bichard,Business Development,cHq0Ej5
Haven,Lansdale,Human Resources,zKlrGimtDCXC
Kamilah,Perry,Marketing,nhx4CdJopT
Alyda,Addams,Sales,RiuNEJ3wO964
Malinde,Tuck,Support,SDWQYh
Annissa,Pettiward,Product Management,EdEGhj
Holly-anne,Waterhouse,Business Development,95nCYiLdtbXB
Imogen,Bentick,Accounting,auOkioO
Deidre,Toman,Business Development,Zmd3oV
Yankee,Spridgen,Accounting,ZItItgF5CumD
Keary,Eldritt,Services,cl4pMlyF
Chris,Andrivot,Research and Development,Fy51AV
Deerdre,Amiable,Services,ztkANnvfk
Yelena,Huggon,Training,cEqAqLrOHB2o
Harbert,Middlemist,Legal,ZxFCaeuEPy1
Moina,Scolts,Legal,VB3CI7
Lilah,Dorrins,Human Resources,kcjJF1t0UW
Camel,Hurworth,Training,WWQCHK8t5q
Skell,Munning,Business Development,gKaHlzKgBkX
Goldina,Pendleberry,Product Management,wftX8kdST9e
Beryl,Pedel,Accounting,0nKVu3lFooFt
Corene,Alker,Business Development,3YMgwv
Davita,Pepys,Support,JBPSlKCh
Moe,Gisborne,Business Development,a20np7Q
Dorolisa,Nussii,Marketing,cFEPQE
Alyce,Lowrie,Support,9KLNsGt
Lorant,Hundy,Support,GQzWHnt7D
Erastus,Burgott,Product Management,LtrObZxG
Anna-maria,Cronin,Human Resources,cXd3u73YZoPL
Elmira,Gringley,Services,LPcgrlw698Up
Karlee,Champniss,Accounting,7HC1cbit2l
Shannan,Ruste,Product Management,q7Idrd
Nickey,Songust,Research and Development,K7tu3tI1VYeD
Ewen,Flode,Human Resources,xK2suobK
Orly,Shouler,Legal,G5sbpg7gAZgS
Tawsha,Rime,Engineering,ecsw6X
Conny,Colby,Training,xv997Yav
Caye,Banat,Business Development,XgSHyx
Abra,Astill,Marketing,DYxGw0Gsx
Patty,Samwell,Legal,r1g7LvLgc
Cleveland,Sherwood,Support,XrEQN4
Roxi,Ramas,Services,E7EGptw
Dalila,Philpin,Research and Development,E4yVWm8
Thebault,Daish,Legal,gbhmJ7
Channa,Stigger,Sales,xibiSAFpT
Devland,Libbis,Engineering,WDPbk7RoIV
Fin,Javes,Human Resources,JxhyqnoQLla
Briana,Le Grys,Accounting,hJMcm7Ai1it
Reeta,Kilpin,Engineering,EzX5B9
Kikelia,Shmyr,Business Development,LQRZV1N
Elka,Bartels-Ellis,Legal,uCCQf9SkvFLJ
Cornell,Enticott,Business Development,0cHrC3J3
Tracy,Gawen,Business Development,MkePrUdK
Farlie,Gensavage,Engineering,D527KN5
Terrance,Braganca,Business Development,iJevqOtk3
Meade,Shovelin,Research and Development,EtWJzS9
Serene,Jurn,Accounting,Y9WPdHoky
Cori,Hugues,Legal,8KUWgFIKP
Joscelin,Hatherill,Accounting,gPu9pQqhiLQe
Kaylyn,Nolleth,Services,kxIH0wvdi0
Bethena,Rubega,Training,i3RTEuf4
Creighton,Capponer,Research and Development,rpjT03gh
Lenka,Stone Fewings,Accounting,MOIJ6N
Donielle,Shakesby,Legal,PPJFjL
Garnet,Skacel,Services,naJD6e
Allx,Garnson,Training,QUEspZb6JZMg
Carolynn,Vila,Research and Development,jozXbVDM
Margalit,Dana,Accounting,7Z6TLPzAemm
Clyve,Surby,Services,WASAgYD1gpb
Derick,Bruyns,Engineering,9UUguXIla9iS
Carmine,Burd,Research and Development,UYSHJg9
Petr,Ralling,Research and Development,gUgOF51
Wilt,Stenett,Accounting,vRozPe0
Loree,Cavanagh,Support,sVoy6niRbG
Reamonn,Barlas,Legal,cNI7WxhxH
Randolph,Vedenichev,Engineering,jlTcSNP4c
Gigi,Rizzello,Accounting,NxuzAfPw
Alfonse,Brampton,Research and Development,QYjbDhAmqGT
Alfonse,Duffell,Product Management,kePQl3P
Verne,Tomasian,Engineering,Uz2QKy9
Janel,Elms,Research and Development,Lh2vmoXHhGT
Dorolisa,Griffoen,Marketing,RwXZLBynqul
Chandler,Gecks,Services,YPBuvFn
Laurie,Benezet,Services,xNLZ8eDvBhT
Hermina,Dumsday,Engineering,i3kEhy4K
Rosemaria,Connikie,Research and Development,2qGwvXj7
Alphonso,Coneron,Research and Development,9IVxZaxwx86w
Bettina,Le Frank,Accounting,uoo6jdNO8hW
Mame,Learmonth,Research and Development,3Ce9XZVX5ZHX
Roderigo,Schultheiss,Legal,RL7dsxvS
Gavrielle,Penkman,Research and Development,Lb3SxFvb5Fw
Griffin,Gaddesby,Marketing,TNGf2PjG
Whit,Trollope,Sales,GBg1XRNkX
Cedric,Tanton,Engineering,10b2Ta
Nobe,Willatts,Human Resources,iYpNWS
Juliet,Danett,Marketing,TVteKaYsHxd
Arturo,Bresner,Product Management,GS7gCSTyjd
Rochelle,Risdale,Training,uHtEDRh
Jenda,Jolliman,Engineering,gkkltC
Madlin,Adcock,Training,TE5z7HUQwTh
Gordan,Jills,Engineering,0qWkMWyNlxo5
Adrian,Epdell,Research and Development,ZwEYtIGkKC
Sharyl,Argile,Human Resources,eXrAq2VBJ
Hervey,Trebbett,Business Development,9Whm7mAJ
Marlene,Musslewhite,Business Development,NeOdaZ3DcvE
Sholom,Cavell,Services,LNUu4I4243IW
Cob,Donnel,Human Resources,C2BWi3mBCt
Brittan,Arsmith,Services,zwhAohtGsffO
Mart,Hark,Human Resources,cFCEFNTJo
Ceciley,Sinkings,Services,JqwBaA0L
Brnaby,Jacqueminot,Support,5xH5CBK8OVC
Gui,McNae,Services,SSNnayP
Dalila,Birk,Research and Development,D9NYYlHt4
Eveleen,Wrigglesworth,Human Resources,6oJ0ymTwBT3
Cleveland,Pummery,Business Development,m138dhWE5f3q
Dorrie,Burnie,Legal,HUrVxzUDwEY
Zaneta,Divill,Product Management,qFAYcUt1TgLa
Arnaldo,Weinberg,Product Management,3mjHPTwYE2VT
Honor,Eeles,Services,ZpPGQyeRRqx
Cassius,Derdes,Sales,lmohnQEA
Ashleigh,Lissimore,Sales,H0zPKYuLO3V
Siobhan,Pressey,Accounting,ULMqRx3WC
Sara,Coaster,Business Development,0sLolsSo3hN
Gerda,Mattes,Accounting,LNuAYDM3
Marten,Entwistle,Business Development,lvDWXYxGV
Justino,Doulton,Training,2DKnXA9
Gavrielle,Merrikin,Engineering,XsDFlorJs4ot
Elvina,Le Brom,Services,tpqA4dBmtm73
Kyle,Janton,Business Development,24Ye7WSc
Jennie,McGriffin,Product Management,H293RPdad
Piotr,MacDermot,Sales,31u7henFaC
Jeanie,Childerhouse,Support,ywrB2d7
Menard,Alvey,Research and Development,lNIrhYU
Gherardo,Ibbetson,Research and Development,8JwIaH4Rr1
Freda,Doxsey,Accounting,8yinmA6MRnU
Wadsworth,Farren,Training,myMpOXM
Jemmy,Tweed,Accounting,BAweiZZ2t7
Claudia,Tapin,Engineering,uANOzGEbc
Flossy,Pocklington,Product Management,n5mFCh
Killian,Randell,Human Resources,SV5sFxD
Chuck,Cosbee,Business Development,ijKnTyBymkpM
Nelly,Pitkin,Marketing,neNS5gGDGh
Kin,Stanlack,Training,USr6FqWH
Carlita,Barnewelle,Business Development,HRAk5W
Farica,Inseal,Accounting,IjaI6oec
Alberto,Blaisdell,Accounting,nj9TwY
Tabbie,Knowlton,Sales,wecjAdl5TWy
Herbert,Zmitrichenko,Services,efQHWUWC
Marja,Mosco,Business Development,QmnHHBSij
Yulma,Alesi,Services,Z6HjMu2
Waverley,Emmer,Business Development,3iLiZcc3Si1w
Gardy,Mallia,Support,C4UWGYG
Muffin,Wookey,Support,i5kGwqc
Kirbie,Tubby,Research and Development,shxoL5CVUHC
Janot,Ryan,Engineering,xjg3oonsiq
Annabela,Branigan,Business Development,tnC46l
Orson,Norcop,Human Resources,L1UAmAC
Giraldo,Robley,Support,fSYMYhlp
Adriena,Boulder,Training,3Bor8l
Margarethe,Chawkley,Accounting,ovrLGL
Pavla,Grassot,Product Management,dzClBOzWgxCy
Edin,Ginity,Sales,ZvWbGtqJ3
Alfred,Fontelles,Marketing,0x66Ph4DIz
Moina,Hawke,Support,Jl9ea4EJ
Ernesta,Bignell,Support,7dNanM7OP
Isiahi,Crank,Support,oeTa8bjBQEm
Obadias,Brandoni,Sales,9VGt5uRF
Shena,Wolfendale,Legal,3qSNSC0
Veradis,Shuxsmith,Legal,cwjkVgT5QL
Dukey,Benadette,Services,XOABhBxrSG4
Raeann,Darnell,Product Management,2YmI3NpG
Zorana,Bohey,Product Management,Olo2bpH8C
Donia,Ferronier,Accounting,DC4Xy3Flmv
Adi,Stains,Legal,nfGdqq
Brendon,Ramplee,Business Development,99NbO03s
Theobald,Daoust,Accounting,e4bykzyPaFr3
Albertine,Blackwell,Product Management,xXGLsA
Cinda,Rohfsen,Research and Development,543MH9QqH
Geordie,Kelland,Research and Development,eGPW1IsUh
Aubrette,Allder,Support,yV8Xrh
Bamby,Bartomieu,Accounting,zBs6FBw6s
Kirby,Jacomb,Product Management,N2EItnFP6
Christiano,Blackden,Services,HbMnx2uc8yT
Dilan,Lockhart,Marketing,3l6TFvC
Salomon,Carlens,Sales,wdlgOfgml0f
Hallsy,Cramphorn,Research and Development,dRJAqz0zfJa
Hodge,Tomaszczyk,Business Development,FKeeprJAIQ
Kristy,Fursey,Research and Development,EDAcud
Carolan,Leathem,Product Management,Jg7PR53e
Evyn,Salaman,Sales,2GucLG
Jonas,Fero,Marketing,N2r4T1apKrr2
Reba,Cluer,Services,gI78ZSZ5EokD
Della,Kingscott,Product Management,2WFgEqZYL
Ellynn,Kiffin,Human Resources,FJfLCkeA0hAc
Margarethe,Pogosian,Product Management,anRnmCTot7
Vernor,Voden,Research and Development,xE2Ubc
Gustavo,Lowthorpe,Legal,8s57ulQ
Gaven,Rosenau,Services,oR6Ipc
Daria,Davydenko,Engineering,EXUUvsNMzy
Angelo,Gedling,Support,Vt1swOoJeI
Nevsa,Biernacki,Human Resources,m0NHjhm
Clair,Pringell,Product Management,SVXNrIU68f
Nataniel,Tindle,Sales,ubSaO5Z42nco
Claiborn,Daft,Marketing,IcxFOqRszQ
Liuka,Jarnell,Business Development,ihN2e6DwW8l
Filippa,Bolstridge,Research and Development,j1D0yLj
Ermin,Towsie,Sales,6l8a1a9p93t
Willamina,Jelliman,Legal,oWPvYgt
Torry,Geekie,Engineering,jqj8EfLIU
Aldo,Rountree,Business Development,hkTdsyX
Ab,Hilley,Legal,nTIaee1K
Jillane,Briskey,Legal,wWiY0nu4a
Ly,Hoyles,Legal,7t6xtPIxJE
Bethanne,Klimkov,Human Resources,NWDmjT11c5sd
Lucina,Plevin,Accounting,v70wrE
Creigh,Louiset,Services,6OhMRqA
Jess,Kroin,Business Development,aG024XPE7pr
Amalia,Rodgers,Legal,nWzyG3Y
Carolin,Ventam,Legal,mZCSKDPf
Haydon,Cohrs,Product Management,OdOuqEnEDjB
Gibb,Pococke,Business Development,DcI62RIm
Anastasia,Splevins,Accounting,exYMP5aRUO
Florella,Harbage,Sales,GfgpOUebr
Ber,Cluley,Engineering,GKfcs5IN1WE
Carlie,Minchella,Training,edlicg3vYJAx
Grier,Lochet,Support,5SGewtMr
Viki,Murrells,Sales,LYa3uLal2
Vasilis,Balfour,Business Development,oSvcCuoN
Marrilee,Masic,Marketing,0xrZC7ucKHUT
Julita,Grisbrook,Marketing,RIh2FCD
Evangelina,Beckworth,Sales,IWkrwQI24i
Leonard,Dobrovsky,Human Resources,qhlFD11HqW
Gilly,Copnar,Legal,ddvQOnWEzoRI
Harlie,Furmonger,Legal,sG09sh
Lurleen,Seager,Accounting,p7b6a0
Todd,Quayle,Accounting,aiNSFtk
Georgeanne,Krol,Sales,Xu2l21o
Conny,Gierke,Research and Development,vVemgjeDq3v
Brockie,Follin,Marketing,i1e2bi2Sw
Karalynn,Thon,Engineering,ySVrr0fjS
Arny,Stammers,Human Resources,Wo27CEc
Jose,Nunan,Accounting,cfr2Gr
Kassi,McNevin,Research and Development,lkI7ab
Brose,Byard,Engineering,X0OkDyg
Melisande,Furmonger,Support,8ZsDDmMF
Claudia,Klimpt,Marketing,e8YLHAsnU
Portie,Binley,Business Development,WVeqoYV
Malachi,Hanaby,Marketing,rkkjTWY
Nikolaus,Buckby,Engineering,MGHW2Xx
Bobine,Summerill,Training,fZRmSynP
Aurthur,Moorhouse,Support,kbFFwummQ
Jerrie,Saggers,Research and Development,4ToKywSqd
Benedetto,Riseam,Training,6dM73enqg
Rudolph,Gibben,Marketing,RECUpDoyA
Seka,Bister,Support,mF3s4gyGM
Nathalie,Packington,Research and Development,VMM31aXG
Dickie,Theseira,Support,SpOAUmC
Cullie,Tansley,Sales,EWjTXcC4jaFF
Claudette,O' Scallan,Product Management,uaRIQDXkHj
Ruby,Dmych,Support,M8aBO86
Luciano,Digwood,Research and Development,cTLKV9w
Velma,Walsh,Sales,dLLi6k
Tonie,Richemond,Sales,pJBqI1XDW
Shannan,Battershall,Legal,O01Rip
Pauly,McCaughen,Services,499O72rg5P
Liane,Hamments,Accounting,CLEhfT0TU
Delano,Simone,Support,qV8ajW5dV8
Claresta,Rennicks,Legal,cBZXLal
Kameko,Howgego,Business Development,POKPmWPY
